City,"Population estimates, July 1, 2019,  (V2019)","Population estimates base, April 1, 2010,  (V2019)","Population, percent change - April 1, 2010 (estimates base) to July 1, 2019,  (V2019)","Population, Census, April 1, 2010","Persons under 5 years, percent","Persons under 18 years, percent","Persons 65 years and over, percent","Female persons, percent","White alone, percent","Black or African American alone, percent","American Indian and Alaska Native alone, percent","Asian alone, percent","Native Hawaiian and Other Pacific Islander alone, percent","Two or More Races, percent","Hispanic or Latino, percent","White alone, not Hispanic or Latino, percent","Veterans, 2015-2019","Foreign born persons, percent, 2015-2019","Housing units,  July 1, 2019,  (V2019)","Owner-occupied housing unit rate, 2015-2019","Median value of owner-occupied housing units, 2015-2019","Median selected monthly owner costs -with a mortgage, 2015-2019","Median selected monthly owner costs -without a mortgage, 2015-2019","Median gross rent, 2015-2019","Building permits, 2019","Households, 2015-2019","Persons per household, 2015-2019","Living in same house 1 year ago, percent of persons age 1 year+, 2015-2019","Language other than English spoken at home, percent of persons age 5 years+, 2015-2019","Households with a computer, percent, 2015-2019","Households with a broadband Internet subscription, percent, 2015-2019","High school graduate or higher, percent of persons age 25 years+, 2015-2019","Bachelor's degree or higher, percent of persons age 25 years+, 2015-2019","With a disability, under age 65 years, percent, 2015-2019","Persons  without health insurance, under age 65 years, percent","In civilian labor force, total, percent of population age 16 years+, 2015-2019","In civilian labor force, female, percent of population age 16 years+, 2015-2019","Total accommodation and food services sales, 2012 ($1,000)","Total health care and social assistance receipts/revenue, 2012 ($1,000)","Total manufacturers shipments, 2012 ($1,000)","Total merchant wholesaler sales, 2012 ($1,000)","Total retail sales, 2012 ($1,000)","Total retail sales per capita, 2012","Mean travel time to work (minutes), workers age 16 years+, 2015-2019","Median household income (in 2019 dollars), 2015-2019","Per capita income in past 12 months (in 2019 dollars), 2015-2019","Persons in poverty, percent","Total employer establishments, 2018","Total employment, 2018","Total annual payroll, 2018 ($1,000)","Total employment, percent change, 2017-2018","Total nonemployer establishments, 2018","All firms, 2012","Men-owned firms, 2012","Women-owned firms, 2012","Minority-owned firms, 2012","Nonminority-owned firms, 2012","Veteran-owned firms, 2012","Nonveteran-owned firms, 2012","Population per square mile, 2010","Land area in square miles, 2010",FIPS Code,State
US,328239523,308758105,6.3,308745538,5.964145579,22.2517841,16.4691511,50.75019531,76.32298137,13.42772059,1.275925569,5.942264911,0.245837854,2.785269707,18.45366958,60.1115369,18230322,13.6,139684244,64,217500,1595,500,1062,1386048,120756048,2.62,85.8,21.6,90.3,82.7,88,32.1,8.612325636,9.5,63,58.3,708138598,2040441203,5696729632,5208023478,4219821871,13443,26.9,62843,34103,10.5,7912405,130881471,7097310272,1.8,26485532,27626360,14844597,9878397,7952386,18987918,2521682,24070685,87.4,3531905.43,1,
Albuquerque,560513,546153,2.6,545852,5.9,22.4,15.1,51.3,73.9,3.3,4.7,2.9,0.1,4.4,49.2,38.9,37932,9.9,Not applicable,59.7,198200,1351,443,873,Not applicable,224166,2.47,84.0,28.0,90.7,80.3,89.7,35.2,9.649944891,9.104775363,63.6,59.6,1578983,5183979,Suppressed to avoid disclosure of confidential information,4784857,9067367,16325,21.8,52911,30403,16.9,Not applicable,Not applicable,Not applicable,Not applicable,Not applicable,42272,20208,16129,16511,23116,4147,35096,2907.6,187.73,3502000,New Mexico
Anaheim,350365,336109,4.2,336265,6.5,24.0,11.6,50.7,66.4,2.7,0.5,16.8,0.4,3.3,54.3,24.2,9462,36.5,Not applicable,44.9,575600,2473,572,1651,Not applicable,101658,3.39,88.7,61.1,93.8,89.1,76.8,25.5,5.100241201,13.36560158,67.3,60.2,1589090,2204716,4824368,7153513,3757876,10948,28.9,71763,28465,14.8,Not applicable,Not applicable,Not applicable,Not applicable,Not applicable,29541,15475,10359,17152,11181,1731,26489,6747.6,49.84,0602000,California
Anchorage,288000,291836,-1.3,291826,7.2,24.5,10.5,49.0,62.6,5.6,7.9,9.6,2.4,9.5,9.2,57.9,26958,10.9,Not applicable,61.3,314800,2120,737,1320,Not applicable,106567,2.69,80.2,17.8,95.9,90.0,93.9,36.1,8.438808536,12.44310281,68.5,66.3,1106192,3656166,479841,3147741,4966800,16633,18.9,84928,41415,9.0,Not applicable,Not applicable,Not applicable,Not applicable,Not applicable,26033,12937,9530,5351,19271,3291,21070,171.2,1704.68,0203000,Alaska
Arlington,398854,365098,9.2,365438,6.7,25.6,10.4,50.8,59.9,22.7,0.5,6.6,0.2,3.2,29.6,38.6,18253,20.8,Not applicable,55.2,170700,1517,613,1055,Not applicable,135333,2.89,84.5,33.5,94.7,85.5,85.2,30.3,7.277113335,20.02519674,69,63.3,910827,1901208,15060250,4033952,5419650,14429,27.4,60571,28484,14.6,Not applicable,Not applicable,Not applicable,Not applicable,Not applicable,35988,18399,14346,17485,17039,3366,30867,3811.3,95.88,4804000,Texas
Atlanta,506811,427059,18.7,420003,5.4,18.3,11.5,51.5,40.9,51.0,0.3,4.4,0.0,2.4,4.3,38.3,18656,7.6,Not applicable,43.5,290400,1916,604,1153,Not applicable,206229,2.19,78.9,9.3,90.1,81.1,90.9,51.8,8.686939791,11.51790323,65.6,63.4,3023387,5384518,3609685,9224850,6088296,13719,27.2,59948,47424,20.8,Not applicable,Not applicable,Not applicable,Not applicable,Not applicable,64593,31542,28172,30104,31750,5427,56197,3154.3,133.15,1304000,Georgia
Aurora,379289,324659,16.8,325078,7,25.3,11.2,50.4,60.4,16.5,0.9,6.5,0.4,5.2,28.6,44.4,23221,20.1,Not applicable,59.9,290000,1617,475,1328,Not applicable,130054,2.82,81.5,33.0,94.3,87.3,87.7,29.7,6.855129753,12.54618666,71.3,65.6,567124,1476078,644129,6512036,4095699,12081,29.5,65100,30504,10.7,Not applicable,Not applicable,Not applicable,Not applicable,Not applicable,25404,12704,9924,9868,14476,2372,21864,2100.9,154.73,0804000,Colorado
Austin,978908,801829,22.1,790390,6.4,20.4,8.9,49.2,72.6,7.8,0.7,7.6,0.1,3.5,33.9,48.3,36094,18.8,Not applicable,45.1,337400,2031,806,1280,Not applicable,380392,2.44,79.0,31.9,94.9,87.5,89.4,51.7,6.22832519,14.70161904,73.8,67.4,3474670,6609254,11413406,55701978,14738182,17491,24.5,71576,43043,13.2,Not applicable,Not applicable,Not applicable,Not applicable,Not applicable,96048,51518,34253,28888,62905,7314,84168,2653.2,297.90,4805000,Texas
Bakersfield,384145,347817,10.4,347483,8.3,29.9,10.0,50.6,67.7,7.6,0.9,7.4,0.2,3.8,50.2,32.5,13081,18.9,Not applicable,59,247000,1696,514,1104,Not applicable,117050,3.19,85.6,41.6,92.8,87.0,80.1,21.9,7.330355143,8.096806893,63.6,56.5,713421,3073591,646187,3693077,5263757,14679,23.0,63139,27060,17.4,Not applicable,Not applicable,Not applicable,Not applicable,Not applicable,25938,13070,10008,14254,10662,1744,22871,2444.2,142.16,0603526,California
Baltimore,593490,620770,-4.4,620961,6.4,20.7,13.6,53.0,30.5,62.4,0.3,2.6,0.0,2.5,5.3,27.5,28002,8.1,Not applicable,47.5,160100,1474,551,1073,Not applicable,239116,2.45,83.6,9.9,85.7,74.5,85.2,31.9,11.85610996,7.464338842,61.8,60.3,1607810,11349171,5043278,7954322,3647668,5871,31.4,50379,31271,21.2,Not applicable,Not applicable,Not applicable,Not applicable,Not applicable,50735,21952,24599,27673,20782,4216,43918,7671.5,80.94,2404000,Maryland
Baton Rouge,220236,229423,-4.0,229493,6.7,21.6,13.8,52.1,38.7,54.7,0.3,3.5,0.1,1.3,3.7,36.6,9648,5.5,Not applicable,49.8,174000,1330,382,879,Not applicable,83733,2.58,81.4,8.5,87.7,80.4,88.0,33.2,13.05575342,11.08205211,64.1,60.7,881253,2832961,Suppressed to avoid disclosure of confidential information,2296225,4262511,18528,21.3,44470,28491,24.8,Not applicable,Not applicable,Not applicable,Not applicable,Not applicable,25952,12896,10518,12354,12582,2777,21833,2982.5,76.95,2205000,Louisiana
Birmingham,209403,212585,-1.5,212237,6.3,20.1,14.9,52.8,25.8,69.9,0.3,1.1,0.0,1.5,3.9,23.8,12451,3.8,Not applicable,44.9,91100,1105,386,837,Not applicable,90867,2.24,78.8,5.4,83.2,71.9,86.7,27.4,13.97596159,14.390031,60.2,58.5,625294,5574098,4118352,7099922,3305948,15591,21.9,37375,24480,25.9,Not applicable,Not applicable,Not applicable,Not applicable,Not applicable,20738,10318,8286,10605,8770,2082,17113,1453.0,146.07,0107000,Alabama
Boston,692600,617792,12.1,617594,5,15.9,11.5,52.0,52.8,25.2,0.3,9.7,0.1,5.3,19.8,44.5,16022,28.3,Not applicable,35,532700,2442,815,1620,Not applicable,269522,2.36,80.2,37.7,91.0,85.4,87.2,49.7,8.219919721,3.90685331,69.7,67.4,4409241,16734496,3334504,7074780,7885597,12389,30.9,71115,44690,18.9,Not applicable,Not applicable,Not applicable,Not applicable,Not applicable,59268,33543,19390,17686,37403,4569,50282,12792.7,48.28,2507000,Massachusetts
Buffalo,255284,261346,-2.3,261310,6.6,22.6,12.4,52.3,47.1,36.5,0.5,5.9,0.0,4.0,12.3,43.1,10769,10.4,Not applicable,40.7,89800,989,382,776,Not applicable,110427,2.24,82.2,19.1,85.7,74.6,84.6,27.6,12.90285018,5.145017108,59.8,57.3,510502,4229888,5260550,2011902,1972013,7603,21.0,37354,24400,30.1,Not applicable,Not applicable,Not applicable,Not applicable,Not applicable,15178,8295,5285,4915,9177,1314,12693,6470.6,40.38,3611000,New York
Chandler,261165,236157,10.6,236123,6.2,25.1,11.0,50.6,74.4,5.6,1.7,10.7,0.1,4.4,20.8,58.5,12919,15.7,Not applicable,64.9,300800,1696,460,1312,Not applicable,91216,2.76,81.3,25.0,96.8,91.7,93.1,44.7,5.742487017,8.057905487,71.2,65.0,559785,1186123,2535202,5269840,4225035,17201,24.7,82925,39632,7.6,Not applicable,Not applicable,Not applicable,Not applicable,Not applicable,20607,9288,7654,5531,13999,1710,17624,3665.8,64.41,0412000,Arizona
Charlotte,885708,735607,20.4,731424,6.8,23.7,10.2,51.9,48.8,35.2,0.4,6.5,0.1,2.8,14.3,41.5,35825,16.7,Not applicable,52.9,220300,1446,496,1135,Not applicable,330391,2.56,81.5,21.7,94.0,87.4,89.1,44.3,5.40417204,13.78880076,71.6,66.5,2413557,7031767,9376077,19884597,10901026,14062,25.9,62817,38000,12.8,Not applicable,Not applicable,Not applicable,Not applicable,Not applicable,81973,41600,32008,32449,45269,7655,69136,2457.1,297.68,3712000,North Carolina
Chesapeake,244835,222311,10.1,222209,6.3,24.2,13.0,51.1,61.1,30.0,0.2,3.2,0.1,4.0,6.2,57.4,26832,5.9,Not applicable,71.4,273700,1867,587,1279,Not applicable,84849,2.76,85.5,8.3,94.3,89.9,92.1,33.2,7.948447438,8.302478215,61.9,59.8,447563,978168,1504214,2225172,4114946,18015,26.7,78640,35536,8.6,Not applicable,Not applicable,Not applicable,Not applicable,Not applicable,16220,8748,5751,5419,9981,2502,12772,652.0,340.80,5116000,Virginia
Chicago,2693976,2695652,-0.1,2695598,6.3,20.9,12.4,51.4,50,29.6,0.3,6.6,0.0,2.8,28.8,33.3,67539,20.6,Not applicable,45,258000,1974,701,1112,Not applicable,1066829,2.48,85.0,36.0,87.9,78.8,85.1,39.5,7.002807425,10.77013301,66.9,62.7,8996441,20064843,26503402,33134983,22627328,8335,35.1,58247,37103,18.4,Not applicable,Not applicable,Not applicable,Not applicable,Not applicable,291007,147997,123632,140109,142470,19747,263026,11841.8,227.63,1714000,Illinois
Chula Vista,274492,243923,12.5,243916,6.3,25.3,12.1,50.7,64.8,4.7,0.4,16.4,0.5,5.4,59.8,16.8,16131,31.1,Not applicable,59.1,492700,2582,538,1622,Not applicable,79671,3.35,89.9,59.5,92.9,88.5,82.8,29.4,5.818203736,8.122408738,64,58.8,357906,1191992,1363360,1406408,2744353,10872,30.0,81272,31076,9.6,Not applicable,Not applicable,Not applicable,Not applicable,Not applicable,17409,8952,6786,12286,4451,1186,15563,4914.6,49.63,0613392,California
Cincinnati,303940,297025,2.3,296943,7.1,22.0,12.2,51.6,50.7,42.3,0.1,2.2,0.1,3.7,3.8,48.2,12307,6.0,Not applicable,37.8,138000,1336,557,738,Not applicable,137333,2.10,74.9,8.5,87.1,79.4,88.1,37.1,10.33348811,8.15146648,66,64.2,858562,6615617,7058110,6371479,3977661,13413,23.2,40640,30531,26.3,Not applicable,Not applicable,Not applicable,Not applicable,Not applicable,26855,13471,10770,8641,16627,2353,22785,3809.8,77.94,3915000,Ohio
Cleveland,381009,396665,-3.9,396815,6.3,22.1,14.0,51.9,40,48.8,0.5,2.6,0.1,4.4,11.9,33.8,17918,5.9,Not applicable,41.6,69600,998,390,719,Not applicable,170549,2.18,81.0,14.7,82.4,68.4,80.8,17.5,16.15605867,8.81467421,59.1,57.4,950855,8713796,7794662,5474964,2764937,7073,24.0,30907,21223,32.7,Not applicable,Not applicable,Not applicable,Not applicable,Not applicable,32679,15119,14927,15729,15181,3033,27655,5107.2,77.70,3916000,Ohio
Colorado Springs,478221,417447,14.6,416427,6.5,23.2,13.4,50.0,78.5,6.5,0.8,2.9,0.3,5.9,17.6,68.6,51899,7.5,Not applicable,59,269800,1565,440,1131,Not applicable,181478,2.52,77.3,12.8,94.5,90.2,93.9,39.9,9.763112977,8.921968284,64.7,60.1,1274811,2893212,2236795,2062768,6966707,16133,22.7,64712,34076,11.7,Not applicable,Not applicable,Not applicable,Not applicable,Not applicable,39424,19740,14262,6380,31109,4709,31961,2140.6,194.54,0816000,Colorado
Columbus,898553,789018,13.9,787033,7.3,22.5,10.2,51.1,58.6,29.0,0.3,5.8,0.0,4.2,6.2,55.1,39128,12.7,Not applicable,44.7,151600,1337,519,961,Not applicable,357128,2.39,77.9,15.8,92.2,85.8,89.8,36.6,9.11254645,9.800982607,70.6,66.7,2258984,8924996,9829717,14346826,13114247,16194,22.0,53745,29322,19.5,Not applicable,Not applicable,Not applicable,Not applicable,Not applicable,67994,35593,27044,21926,43184,6094,58494,3624.1,217.17,3918000,Ohio
Corpus Christi,326586,305226,7.0,305215,6.8,24.6,13.8,50.5,89.6,4.1,0.4,2.3,0.1,1.7,63.2,29.5,23883,9.3,Not applicable,56.7,141100,1511,520,1028,Not applicable,116952,2.71,82.4,35.1,89.2,82.4,83.4,22.2,8.781343254,19.83235486,62.4,55.9,825427,2600346,Suppressed to avoid disclosure of confidential information,4143656,4939182,15821,19.4,56333,28025,16.1,Not applicable,Not applicable,Not applicable,Not applicable,Not applicable,27416,14295,10142,14189,11963,2625,23352,1900.3,160.61,4817000,Texas
Dallas,1343573,1197658,12.2,1197816,7.5,25.0,10.3,50.6,62.7,24.3,0.3,3.4,0.0,2.4,41.8,29.0,40872,24.8,Not applicable,40.9,188100,1677,569,1052,Not applicable,513443,2.56,83.1,43.6,87.2,76.6,77.5,33.4,6.730901351,25.96269836,68.5,61.2,3851458,15083135,17731342,22578009,16889012,13607,27.1,52580,34479,18.9,Not applicable,Not applicable,Not applicable,Not applicable,Not applicable,142658,76671,52798,65749,71545,12586,123174,3517.6,340.52,4819000,Texas
Washington,705749,601767,17.3,601723,6.5,17.9,12.1,52.6,41.3,46.3,0.3,4.0,0.1,3.1,11.0,36.6,26156,13.7,Not applicable,41.6,601500,2569,688,1541,Not applicable,284386,2.30,80.5,17.2,91.8,82.6,90.9,58.5,8.48624387,4.094256504,69.9,68.3,5101602,8963981,309832,2591868,4439933,7022,30.8,86420,56147,16.2,Not applicable,Not applicable,Not applicable,Not applicable,Not applicable,63408,30237,27064,29983,29521,5070,54217,9856.6,61.05,1150000,District of Columbia
Denver,727211,599825,21.2,600158,6.1,19.8,11.5,49.9,76.1,9.2,0.9,3.7,0.2,3.8,29.9,54.2,29379,15.0,Not applicable,49.9,390600,1805,492,1311,Not applicable,301501,2.29,79.9,25.5,93.2,86.6,88.0,49.4,6.511125708,10.34762694,72.2,67.0,2884852,7316892,5343892,14625818,7111416,11212,25.9,68592,43770,12.9,Not applicable,Not applicable,Not applicable,Not applicable,Not applicable,79097,41776,28725,18049,57077,6329,67981,3922.6,153.00,0820000,Colorado
Detroit,670031,713898,-6.1,713777,7.2,25.0,13.6,52.6,14.7,78.3,0.4,1.7,0.0,1.8,7.7,10.5,26589,6.2,Not applicable,47.2,49200,1099,451,824,Not applicable,263688,2.51,85.2,11.3,82.2,64.4,81.0,15.3,15.31091973,9.614953142,54.4,53.0,2237286,6771615,19668098,7269331,3196348,4557,25.9,30894,18621,35.0,Not applicable,Not applicable,Not applicable,Not applicable,Not applicable,61868,21089,38576,50946,9747,5266,55154,5144.3,138.75,2622000,Michigan
Durham,278993,229892,21.4,228330,6.8,21.7,11.6,52.9,49.2,38.7,0.3,5.4,0.0,3.2,13.8,39.5,11980,15.0,Not applicable,50.2,224100,1458,488,1058,Not applicable,109555,2.36,79.0,19.6,92.7,86.8,88.1,49.6,6.233946692,13.91005937,69.4,66.4,767097,3642091,4773076,4131520,3313565,13844,22.7,58905,34329,15.9,Not applicable,Not applicable,Not applicable,Not applicable,Not applicable,21339,10394,8953,8303,12032,1884,18364,2126.6,107.37,3719000,North Carolina
El Paso,681728,648245,5.2,649121,7.4,26.7,12.7,51.0,80.1,3.6,0.6,1.4,0.2,2.7,81.4,12.8,42828,23.1,Not applicable,58.9,127400,1255,429,837,Not applicable,226787,2.97,84.3,68.8,87.3,78.7,80.3,25.1,9.340708621,21.46905518,60.1,54.9,1310836,4253438,13170825,6348564,8445411,12558,23.2,47568,22734,19.1,Not applicable,Not applicable,Not applicable,Not applicable,Not applicable,55697,29356,21872,43311,10349,4277,49350,2543.2,255.24,4824000,Texas
Fort Wayne,270402,253739,6.6,253691,7.1,25.3,14.0,51.7,73.4,15.1,0.2,4.7,0.1,4.5,9.2,67.0,14216,8.2,Not applicable,62,115100,990,377,764,Not applicable,106673,2.45,83.6,12.6,91.0,83.7,88.5,27.8,10.42225761,10.3175511,66.5,62.5,590818,2691875,4689254,6481794,4689310,18422,21.2,49411,26970,16.0,Not applicable,Not applicable,Not applicable,Not applicable,Not applicable,20502,10702,7313,4117,15334,1808,17477,2293.4,110.62,1825000,Indiana
Fort Worth,909585,744824,22.1,741206,8,27.7,9.7,51.0,63.8,18.9,0.5,4.6,0.1,3.2,35.1,39.2,42121,16.8,Not applicable,57.4,169700,1590,557,1060,Not applicable,297498,2.89,83.1,33.2,92.8,84.0,82.2,29.7,7.437039009,20.03960584,67.3,59.8,1609477,6208461,Suppressed to avoid disclosure of confidential information,17623980,10333453,13282,27.2,62187,29531,14.5,Not applicable,Not applicable,Not applicable,Not applicable,Not applicable,71545,35116,29425,33952,34675,6479,61686,2181.2,339.82,4827000,Texas
Fremont,241110,214074,12.6,214089,6,22.9,12.7,50.4,23.8,3.1,0.5,59.4,0.9,4.8,12.9,20.2,4954,48.6,Not applicable,60.7,931600,3174,700,2345,Not applicable,75687,3.09,89.4,62.5,96.5,93.2,93.5,57.0,3.610545301,1.91927196,66.3,56.9,331701,1803653,5193966,13487395,2617892,11793,35.4,133354,53259,4.3,Not applicable,Not applicable,Not applicable,Not applicable,Not applicable,18784,9515,6706,12690,5223,845,17095,2763.9,77.46,0626000,California
Fresno,531576,497172,6.9,494665,8.2,28.4,11.1,50.9,60.5,7.4,1.2,13.8,0.1,4.2,49.6,26.9,18889,20.4,Not applicable,46.7,242000,1584,474,1005,Not applicable,168625,3.06,83.4,43.4,89.7,81.5,77.4,21.9,10.50261171,9.106095872,61.8,56.5,841297,4486734,4367746,5459791,5960155,11782,22.2,50432,23564,25.2,Not applicable,Not applicable,Not applicable,Not applicable,Not applicable,35334,17898,13763,19484,14375,2595,30889,4418.3,111.96,0627000,California
Garland,239928,226908,5.7,226876,7.1,27.2,11.7,50.4,63.8,14.9,0.5,11.2,0.0,3.5,42.5,28.9,9004,29.6,Not applicable,62.5,160800,1451,595,1133,Not applicable,75234,3.16,87.9,50.4,94.9,88.6,77.1,22.9,6.01179436,26.11499501,69.2,61.3,286787,661591,5396642,1771865,2725356,11669,29.5,61211,25310,13.2,Not applicable,Not applicable,Not applicable,Not applicable,Not applicable,21545,11895,7871,12218,8691,1822,19035,3974.4,57.09,4829000,Texas
Glendale,252381,226172,11.6,226721,7.2,25.5,11.7,50.6,77.1,6.8,1.6,4.2,0.2,3.9,38.2,47.2,13621,17.4,Not applicable,55.4,214700,1412,431,997,Not applicable,82810,2.95,82.5,33.8,91.3,79.8,83.1,21.5,9.727151781,13.76854627,63.7,57.6,387297,1441317,829892,834233,3821272,16461,28.7,55020,25561,18.2,Not applicable,Not applicable,Not applicable,Not applicable,Not applicable,16783,8176,6197,6249,9519,1336,14496,3780.2,59.98,0427820,Arizona
Greensboro,296710,268936,10.3,269666,6,21.8,13.7,53.5,47.3,41.4,0.5,5.0,0.1,3.0,7.9,42.6,14130,11.1,Not applicable,50.3,156300,1201,448,877,Not applicable,116309,2.37,82.4,14.0,86.8,73.0,89.8,38.2,7.623617859,11.69695879,64.3,60.9,856553,2450516,22411895,9675854,4950946,17868,21.2,48964,29628,18.5,Not applicable,Not applicable,Not applicable,Not applicable,Not applicable,26499,12537,10947,9316,15622,2405,22160,2131.5,126.52,3728000,North Carolina
Henderson,320189,257001,24.6,257729,5.1,21.4,19.4,50.9,75.5,6.0,0.5,8.2,0.5,4.8,16.8,64.6,24146,12.9,Not applicable,64.1,318800,1694,468,1292,Not applicable,116123,2.57,83.7,17.8,93.8,88.7,93.8,33.4,7.12042364,7.891660739,61.5,57.0,1083858,1330685,1459304,776456,5601788,21085,23.5,74147,39990,7.9,Not applicable,Not applicable,Not applicable,Not applicable,Not applicable,25906,13164,9197,6002,18845,2789,21806,2392.3,107.73,3231900,Nevada
Hialeah,233339,224704,3.8,224669,4.8,17.4,20.4,52.4,92.1,2.3,0.0,0.6,0.0,0.7,95.9,2.7,1857,74.4,Not applicable,45.7,228600,1476,466,1170,Not applicable,74559,3.12,91.8,93.8,81.8,71.0,69.7,15.7,6.665094542,25.26851177,58.4,51.9,238127,1242074,837426,1380458,2455980,10589,28.8,35068,17981,22.4,Not applicable,Not applicable,Not applicable,Not applicable,Not applicable,48274,25462,19341,45245,2227,2181,45376,10474.1,21.45,1230000,Florida
Honolulu,345064,337721,2.2,337256,5.2,17.1,20.0,50.2,17.2,2.0,0.1,53.2,8.0,18.4,7.3,15.4,22188,27.4,Not applicable,44.7,683000,2590,675,1491,Not applicable,129019,2.60,85.2,36.5,89.4,83.2,89.0,37.2,6.08184666,4.835114379,63.2,59.5,3943956,4534947,1152704,5712767,7684234,22234,23.7,71465,37834,10.6,Not applicable,Not applicable,Not applicable,Not applicable,Not applicable,38329,20350,13021,28092,7661,3079,32800,5572.5,60.52,1571550,Hawaii
Houston,2320268,2095517,10.7,2099451,7.6,25.1,10.5,50.1,57,22.6,0.3,6.8,0.1,2.2,45.0,24.4,69375,29.3,Not applicable,42.3,171800,1646,536,1041,Not applicable,858374,2.65,81.5,48.9,89.2,80.0,78.9,32.9,6.430682197,25.37648635,67.2,59.1,7746585,23365238,53787073,322772620,41589435,19247,27.7,52338,32521,20.1,Not applicable,Not applicable,Not applicable,Not applicable,Not applicable,260347,134236,102813,155654,95726,20817,229093,3501.5,599.59,4835000,Texas
Indianapolis,876384,820457,6.8,820445,7.3,24.7,12.2,51.8,60.9,28.6,0.3,3.4,0.0,3.3,10.5,54.5,42717,9.7,Not applicable,53.1,137000,1170,440,892,Not applicable,338208,2.51,85.0,13.8,86.7,79.1,85.8,30.9,10.06591107,11.75750462,66.8,63.4,2529518,10048356,Suppressed to avoid disclosure of confidential information,Suppressed to avoid disclosure of confidential information,13416631,16071,23.6,47873,28363,18.0,Not applicable,Not applicable,Not applicable,Not applicable,Not applicable,69366,34325,27668,18991,47298,6467,59063,2270.0,361.43,1836003,Indiana
Irvine,287401,212107,35.5,212375,6.4,22.0,10.2,51.0,47.7,1.7,0.2,43.1,0.2,4.9,10.3,40.3,5484,41.2,Not applicable,46.8,838000,3227,814,2361,Not applicable,98281,2.70,77.7,51.0,97.8,93.7,96.6,68.9,3.197328288,4.920158541,63.1,54.1,907926,1778652,11089148,30339277,4254423,18499,25.5,105126,50016,13.4,Not applicable,Not applicable,Not applicable,Not applicable,Not applicable,31874,17592,9795,12867,16810,1813,28066,3212.6,66.11,0636770,California
Irving,239798,216285,10.9,216290,8.2,26.9,7.5,49.9,47.9,14.2,0.6,19.7,0.2,2.8,42.3,21.6,6891,38.4,Not applicable,36.8,177500,1661,617,1146,Not applicable,85284,2.80,79.0,58.8,95.6,85.3,80.5,37.7,4.753977063,21.58306489,74,64.3,795780,1276858,3150812,13262356,4776288,21188,24.2,64868,31448,12.2,Not applicable,Not applicable,Not applicable,Not applicable,Not applicable,22175,12030,7569,12389,8432,1631,19141,3227.4,67.02,4837000,Texas
Jacksonville,911507,821750,10.9,821784,6.9,22.9,13.4,51.6,58.2,31.0,0.2,4.8,0.1,3.6,10.0,51.2,78558,11.3,Not applicable,56,173200,1366,452,1065,Not applicable,338991,2.57,80.8,15.0,91.0,83.7,89.5,28.6,9.747900722,13.66469442,64.3,60.8,1820021,7014974,10146265,18797560,12498355,14941,25.2,54701,30064,14.9,Not applicable,Not applicable,Not applicable,Not applicable,Not applicable,70192,33828,28749,27446,39976,7130,59121,1100.1,747.00,1235000,Florida
Jersey City,262075,247608,5.8,247597,7.7,20.6,11.1,50.4,35.9,22.9,0.5,25.1,0.0,3.8,28.5,21.9,4197,41.8,Not applicable,29.1,373700,2683,1045,1401,Not applicable,103225,2.51,84.4,53.0,91.4,85.6,87.6,47.5,6.941327211,12.46076585,68.4,61.2,422529,1073908,857582,12481747,2568076,10093,37.2,70752,42022,17.2,Not applicable,Not applicable,Not applicable,Not applicable,Not applicable,23681,12383,9196,13600,8993,1204,21509,16736.3,14.79,3436000,New Jersey
Kansas City,495327,459902,7.7,459787,6.8,23.1,12.9,51.5,60.9,28.2,0.4,2.7,0.2,3.6,10.6,55.2,25119,8.2,Not applicable,53.3,154600,1382,499,941,Not applicable,203356,2.35,81.5,12.4,89.8,81.3,90.0,35.2,9.249618025,13.39847305,69,65.1,1630048,5060279,8635055,14577576,7537341,16233,22.0,54194,32348,16.1,Not applicable,Not applicable,Not applicable,Not applicable,Not applicable,39486,20191,14564,9979,27421,3514,33138,1459.9,314.95,2938000,Missouri
Laredo,262491,235780,11.3,236091,9.4,33.0,9.2,51.1,95.8,0.5,0.2,0.5,0.0,0.5,95.4,3.6,4740,25.9,Not applicable,61.8,129900,1395,514,851,Not applicable,71033,3.60,89.2,89.6,81.7,68.2,68.6,19.4,7.998526407,29.96748671,60.2,52.3,Suppressed to avoid disclosure of confidential information,Suppressed to avoid disclosure of confidential information,Suppressed to avoid disclosure of confidential information,Suppressed to avoid disclosure of confidential information,Suppressed to avoid disclosure of confidential information,Not available,20.7,47593,18771,26.7,Not applicable,Not applicable,Not applicable,Not applicable,Not applicable,27517,14000,10688,24727,1842,1551,25034,2655.5,88.91,4841464,Texas
Las Vegas,651319,584489,11.4,583756,6.4,23.8,14.9,50.1,61.9,12.2,0.9,6.9,0.8,5.2,33.1,43.5,42184,21.0,Not applicable,52.7,258600,1496,439,1102,Not applicable,231915,2.70,81.1,33.1,91.8,80.0,84.8,24.6,8.769608947,14.13739398,62.3,57.5,2979167,3956472,896775,2620729,8550025,14335,26.1,56354,30761,15.3,Not applicable,Not applicable,Not applicable,Not applicable,Not applicable,55856,27615,21421,20822,32417,5690,47290,4298.2,135.82,3240000,Nevada
Lexington,323152,295870,9.2,295803,6.1,20.9,13.0,51.0,74.9,14.6,0.2,3.8,0.0,3.8,7.2,71.0,15468,9.7,Not applicable,54.4,189800,1345,468,896,Not applicable,129784,2.37,75.6,13.1,93.6,86.7,91.2,43.6,9.214208202,7.697137527,67.8,64.0,939381,3726023,2922001,4517832,4994845,16350,21.0,57291,34442,16.8,Not applicable,Not applicable,Not applicable,Not applicable,Not applicable,28671,16148,9148,3431,23928,2863,24056,1042.8,283.65,2146027,Kentucky
Lincoln,289102,258794,11.7,258379,6.5,22.5,13.0,49.8,84.9,4.4,0.7,4.6,0.1,3.9,7.6,79.6,13523,8.5,Not applicable,57,169800,1369,536,852,Not applicable,113551,2.38,77.6,12.3,93.5,87.6,93.3,39.6,7.508780877,8.752909822,71.5,68.4,573325,2335143,5711541,2924550,4184145,15765,18.7,57746,31301,13.5,Not applicable,Not applicable,Not applicable,Not applicable,Not applicable,22687,11520,8174,2092,19623,2193,19229,2899.4,89.11,3128000,Nebraska
Long Beach,462628,462221,0.1,462257,6.5,22.4,11.4,50.5,51.2,12.7,1.1,13.1,0.8,4.7,42.6,28.2,16659,25.2,Not applicable,39.8,556100,2429,529,1324,Not applicable,166813,2.74,88.7,46.1,92.8,84.4,80.2,31.1,7.009815924,9.409856652,65.9,61.1,984077,3359300,4464417,6962345,3783946,8087,31.0,63017,32323,16.8,Not applicable,Not applicable,Not applicable,Not applicable,Not applicable,43731,21681,18323,25159,16944,3172,38923,9191.3,50.29,0643000,California
Los Angeles,3979576,3793139,4.9,3792621,5.9,20.7,12.4,50.5,52.1,8.9,0.7,11.6,0.2,3.8,48.5,28.5,84178,36.9,Not applicable,36.8,636900,2724,717,1450,Not applicable,1383869,2.80,88.4,58.9,91.6,83.0,77.5,34.4,6.295822524,12.81261096,66.5,60.0,9295589,29830223,43502545,63834855,40156864,10409,32.0,62142,35261,18.0,Not applicable,Not applicable,Not applicable,Not applicable,Not applicable,497999,262460,192358,247710,235220,30581,452817,8092.3,468.67,0644000,California
Louisville,617638,595710,3.7,597337,6.5,22.5,14.9,51.5,69.9,23.6,0.2,2.7,0.1,2.6,5.6,65.6,36872,7.7,Not applicable,60.1,158700,1260,470,846,Not applicable,248404,2.43,84.2,9.6,88.8,82.5,89.6,29.9,11.05431543,6.298119157,65.1,61.4,1559544,5488518,26671313,10231262,7922332,13092,22.8,53436,30943,15.9,Not applicable,Not applicable,Not applicable,Not applicable,Not applicable,52983,28752,18027,10264,40468,4913,44606,1836.6,325.25,2148006,Kentucky
Lubbock,258862,229943,12.6,229573,6.7,23.2,11.8,50.7,80.6,7.8,1.1,2.6,0.1,3.0,36.1,51.5,11447,6.3,Not applicable,51.2,140800,1408,546,955,Not applicable,95479,2.54,72.3,22.2,91.8,79.8,86.5,31.5,9.50717889,14.69348711,65,61.0,697662,2463661,1348702,4623349,4583259,19415,16.6,50453,27496,20.1,Not applicable,Not applicable,Not applicable,Not applicable,Not applicable,20334,10840,6591,4691,14734,1947,17137,1875.4,122.41,4845000,Texas
Madison,259680,233173,11.4,233209,4.9,16.3,11.6,50.5,78.6,7.0,0.5,9.0,0.1,3.5,7.0,73.6,9524,12.1,Not applicable,47,246300,1751,756,1118,Not applicable,110294,2.21,73.8,14.6,95.6,88.3,95.5,57.9,5.647267509,4.40202519,72.2,69.5,718303,4054428,2798213,2859633,4804886,19993,19.6,65332,38285,16.9,Not applicable,Not applicable,Not applicable,Not applicable,Not applicable,20714,10776,7329,2799,16693,1499,17966,3037.0,76.79,5548000,Wisconsin
Memphis,651073,651873,-0.1,646889,7.6,25.0,12.8,52.7,29.2,64.1,0.2,1.7,0.0,1.5,7.2,25.7,30720,6.2,Not applicable,46.6,101800,1191,450,901,Not applicable,251732,2.53,84.0,9.6,80.6,69.5,85.7,26.2,10.02229398,15.54384631,63.3,60.8,1503947,6624207,18372536,28725894,18848867,28770,21.7,41228,25605,25.1,Not applicable,Not applicable,Not applicable,Not applicable,Not applicable,70891,30568,35710,43949,24758,6795,61460,2053.3,315.06,4748000,Tennessee
Mesa,518012,440092,17.7,439041,6.8,24.3,16.4,50.6,81.5,4.2,2.6,2.2,0.5,3.5,27.7,61.3,32478,11.8,Not applicable,61.1,226500,1463,461,1044,Not applicable,181130,2.74,80.6,21.4,92.3,86.6,88.8,27.4,7.498968142,14.52112189,64.2,57.3,685343,2466790,3353021,2705266,5819701,12873,25.4,58181,29500,14.8,Not applicable,Not applicable,Not applicable,Not applicable,Not applicable,33113,16476,11536,7129,24552,3383,28022,3217.5,136.45,0446000,Arizona
Nashville,670820,603438,11.2,601222,6.8,21.0,11.7,51.8,63.5,27.6,0.2,3.7,0.1,2.6,10.5,55.4,28912,13.3,Not applicable,53.9,239000,1420,494,1100,Not applicable,272648,2.36,80.8,17.8,92.4,84.9,88.8,41.1,8.387768806,13.54367177,71.6,67.1,2455123,8466921,6201147,16446116,9527759,15257,25.0,59828,35243,15.1,Not applicable,Not applicable,Not applicable,Not applicable,Not applicable,68228,38160,24115,16382,49247,5930,59207,1265.4,475.13,4752006,Tennessee
Miami,467963,399481,17.1,399457,5.9,17.5,16.9,50.5,76.1,16.8,0.2,1.1,0.0,1.7,72.7,11.3,6873,58.3,Not applicable,29.6,317700,1973,621,1183,Not applicable,176777,2.51,86.3,77.4,84.9,66.1,78.0,29.6,6.883823096,23.18127026,62.4,56.3,1914860,5732065,887297,7906794,6476258,15647,29.3,39049,28804,23.4,Not applicable,Not applicable,Not applicable,Not applicable,Not applicable,98222,49530,39762,77125,17148,5288,89984,11135.9,35.87,1245000,Florida
Milwaukee,590157,594498,-0.7,594833,7.4,25.9,10.5,51.9,44.4,38.7,0.6,4.3,0.0,4.0,19.0,35.1,19347,10.0,Not applicable,41.4,122100,1298,555,858,Not applicable,230086,2.51,82.4,20.3,85.1,74.9,84.0,24.6,10.01615967,10.27471437,64.6,62.8,Suppressed to avoid disclosure of confidential information,5488325,8678858,8694280,3894914,6503,22.2,41838,23462,25.4,Not applicable,Not applicable,Not applicable,Not applicable,Not applicable,38017,16866,17101,17809,18185,2999,32743,6188.3,96.12,5553000,Wisconsin
Minneapolis,429606,382603,12.3,382578,6.5,19.8,10.0,49.4,63.6,19.2,1.4,5.9,0.0,4.8,9.6,60.0,13704,15.6,Not applicable,47.2,251600,1714,643,1027,Not applicable,176974,2.28,76.7,22.0,92.8,83.6,90.0,50.4,8.884209744,7.160419742,74.4,72.8,1646946,6545255,3944223,6079468,4070023,10359,23.2,62583,38808,19.1,Not applicable,Not applicable,Not applicable,Not applicable,Not applicable,44702,23657,16547,9311,33010,3036,38969,7088.3,53.97,2743000,Minneapolis
New Orleans,390144,343828,13.5,343829,5.9,20.1,14.1,52.5,33.9,59.5,0.2,2.9,0.0,1.9,5.5,30.7,16075,5.5,Not applicable,48.3,231500,1714,514,998,Not applicable,153819,2.45,85.6,8.3,85.1,73.4,86.5,37.6,10.53598784,10.64649144,61.7,59.9,2765414,2667406,4352733,2687020,3245075,8788,24.2,41604,31385,23.7,Not applicable,Not applicable,Not applicable,Not applicable,Not applicable,41506,19459,17792,20400,19511,4008,35655,2029.4,169.42,2255000,Louisiana
New York,8336817,8175031,2.0,8175133,6.5,20.8,14.5,52.3,42.7,24.3,0.4,14.1,0.1,3.6,29.1,32.1,150924,36.8,Not applicable,32.7,606000,2730,903,1443,Not applicable,3167034,2.60,90.0,48.5,89.1,81.5,82.2,38.1,6.799629397,8.558753186,63.6,58.8,27452861,76165547,14816322,173797846,92265000,11067,41.5,63998,39828,17.9,Not applicable,Not applicable,Not applicable,Not applicable,Not applicable,1050911,571852,413899,539447,483136,57216,966167,27012.5,302.64,3651000,New York
Newark,282011,277135,1.8,277140,7.4,24.6,10.5,51.2,28.6,50.1,0.3,1.9,0.0,2.4,36.3,11.0,4968,31.8,Not applicable,22.3,245200,2158,970,1085,Not applicable,100262,2.67,88.3,48.4,84.9,69.5,75.3,15.3,11.85556038,19.0767228,61.2,58.3,582379,2119780,3139443,5373530,2173876,7827,35.2,35199,20163,27.4,Not applicable,Not applicable,Not applicable,Not applicable,Not applicable,22800,10637,10369,16113,5745,1398,20441,11458.2,24.19,3451000,New Jersey
Norfolk,242742,242827,0.0,242803,6.6,19.7,10.9,47.8,47,41.1,0.4,3.7,0.1,4.7,8.0,43.4,26924,7.2,Not applicable,43.4,206700,1557,562,1059,Not applicable,88353,2.47,73.2,10.4,91.0,83.4,88.0,28.8,10.13767341,13.37218186,56.5,58.5,547054,2391568,1812452,3195283,2683232,10917,21.3,51590,29830,18.7,Not applicable,Not applicable,Not applicable,Not applicable,Not applicable,15322,7434,6094,6119,8159,1897,12189,4486.4,54.12,5157000,Virginia
North Las Vegas,251974,216667,16.3,216961,7.1,28.7,10.5,50.7,53.8,21.1,0.8,6.3,0.9,5.8,41.2,26.6,16755,21.3,Not applicable,58.2,233600,1440,395,1206,Not applicable,73347,3.26,82.9,39.3,94.2,84.2,81.4,16.8,7.57094671,14.83332705,63.6,58.1,515537,802312,856049,2079162,1725358,7720,27.7,59835,23573,13.8,Not applicable,Not applicable,Not applicable,Not applicable,Not applicable,13070,6208,5682,7830,4710,1151,11321,2140.8,101.35,3251800,Nevada
Oakland,433031,390765,10.8,390724,6.3,19.9,13.1,51.7,35.5,23.8,0.9,15.5,0.6,6.9,27.0,28.3,11408,26.8,Not applicable,40.7,687400,2766,715,1445,Not applicable,162419,2.58,86.5,40.1,90.7,82.8,82.6,44.0,7.708299408,8.912500678,68.7,64.3,833654,3983877,1744161,3620207,3029069,7559,33.4,73692,43191,16.7,Not applicable,Not applicable,Not applicable,Not applicable,Not applicable,44799,21628,19322,22217,20663,3263,39884,7004.0,55.79,0653000,California
Oklahoma City,655057,580462,12.9,579999,7.6,25.9,12.4,50.8,67.7,14.3,2.9,4.5,0.1,6.3,19.7,53.5,39942,11.8,Not applicable,58.9,158500,1380,482,871,Not applicable,242748,2.60,80.8,20.3,90.5,82.9,86.4,30.7,9.672599492,16.5217814,66.1,60.6,1510032,7016325,8249830,43265992,10272073,17143,21.4,55557,30567,16.1,Not applicable,Not applicable,Not applicable,Not applicable,Not applicable,58815,30487,20163,16273,39332,6042,48782,956.4,606.41,4055000,Oklahoma
Omaha,478192,458989,4.2,408958,7.3,25.1,12.8,50.7,77.5,12.3,0.6,3.8,0.0,3.4,13.9,66.6,25052,10.7,Not applicable,58.6,159700,1445,605,923,Not applicable,186883,2.48,83.2,16.6,89.9,84.2,89.5,37.7,7.836178971,11.61653311,70,65.7,1115127,5477372,9325496,12272021,8083132,19174,19.2,60092,33401,13.4,Not applicable,Not applicable,Not applicable,Not applicable,Not applicable,37664,19757,12869,6644,28999,3762,31021,3217.9,127.09,3137000,Nebraska
Orlando,287442,238836,20.4,238300,6.7,21.1,10.2,52.0,61.3,24.5,0.2,4.2,0.0,3.5,32.6,36.5,11586,22.0,Not applicable,35.4,240000,1629,547,1196,Not applicable,112137,2.48,76.8,38.2,94.2,86.8,90.4,38.1,7.56095232,16.70937042,72,66.7,1938083,5000971,4157906,5585664,8358989,33495,26.1,51757,32085,17.2,Not applicable,Not applicable,Not applicable,Not applicable,Not applicable,37544,19035,15161,17854,18000,3211,32620,2327.3,102.40,1253000,Florida
Philadelphia,1584064,1526012,3.8,1526006,6.7,21.9,13.4,52.7,40.7,42.1,0.4,7.2,0.0,3.1,14.7,34.5,58670,14.1,Not applicable,53,163000,1332,455,1042,Not applicable,601337,2.55,85.6,23.2,86.1,76.8,84.7,29.7,12.7038573,9.2631726,60.9,58.2,3551722,17972603,19718568,13181887,12241299,7910,33.6,45927,27924,24.3,Not applicable,Not applicable,Not applicable,Not applicable,Not applicable,104439,55745,40906,48743,51842,8061,92065,11379.5,134.10,4260000,Pennsylvania
Phoenix,1680992,1446691,16.2,1445632,7.2,26.1,10.6,50.2,72.9,7.1,2.1,3.8,0.2,3.9,42.6,42.5,71783,19.4,Not applicable,54.4,235400,1465,454,1053,Not applicable,565832,2.85,83.7,37.4,91.6,82.6,81.9,28.6,7.819604216,15.51666744,67.1,61.1,3479625,10967040,12978949,31193680,18448380,12392,26.2,57459,29343,18.0,Not applicable,Not applicable,Not applicable,Not applicable,Not applicable,124033,63479,44294,39596,78757,10784,106575,2797.8,516.70,0455000,Arizona
Pittsburgh,300286,305245,-1.6,305704,4.7,15.1,14.7,51.1,66.8,23.0,0.2,5.8,0.0,3.5,3.2,64.7,15315,9.0,Not applicable,47.2,125000,1178,464,958,Not applicable,138058,2.02,77.5,11.3,88.3,81.5,92.9,44.6,10.0037143,6.130174335,63.7,60.3,1306229,6865043,2054597,7437618,4107092,13413,24.3,48711,34083,20.5,Not applicable,Not applicable,Not applicable,Not applicable,Not applicable,24792,13819,8062,4469,18476,2132,20719,5521.4,55.37,4261000,Pennsylvania
Plano,287677,259859,10.7,259841,5.4,22.5,12.8,50.6,65.1,8.6,0.5,21.2,0.1,2.8,15.0,52.4,11050,27.0,Not applicable,59.1,320100,2145,864,1418,Not applicable,105854,2.70,88.0,35.3,97.7,93.9,93.6,57.2,4.162534391,12.50799795,69.8,61.8,846883,2962762,1698384,4626293,7682987,28239,26.8,95602,47840,6.8,Not applicable,Not applicable,Not applicable,Not applicable,Not applicable,30567,15742,10475,10098,19011,2647,26154,3630.0,71.58,4858016,Texas
Portland,654741,583793,12.2,583776,5.3,17.8,12.8,50.4,77.4,5.8,0.8,8.2,0.6,5.3,9.7,70.6,28661,13.5,Not applicable,53.4,412000,1972,687,1248,Not applicable,268718,2.34,80.8,18.9,94.3,88.3,92.4,50.4,8.775380881,7.259355783,70.3,67.1,2261695,7270237,8768477,20321027,8508267,14107,26.5,71005,41310,13.7,Not applicable,Not applicable,Not applicable,Not applicable,Not applicable,75583,37655,29074,12120,59590,5668,65714,4375.2,133.43,4159000,Oregon
Raleigh,474069,404068,17.3,403892,5.9,20.9,10.6,51.8,58.3,29.0,0.4,4.6,0.0,2.9,11.2,53.1,19784,13.4,Not applicable,51.5,248300,1510,545,1121,Not applicable,183335,2.42,79.0,17.5,95.9,89.9,91.8,50.9,6.326023977,11.36006711,70.3,66.1,1237121,3698100,1842032,5399766,7268468,17176,24.0,67266,38494,12.6,Not applicable,Not applicable,Not applicable,Not applicable,Not applicable,43895,23259,15599,13214,28507,4049,37312,2826.3,142.90,3755000,North Carolina
Reno,255601,225317,13.4,225221,6.2,21.2,14.8,49.5,75.4,2.8,1.0,6.7,0.8,4.8,24.7,61.0,16383,15.9,Not applicable,48,335000,1665,456,1029,Not applicable,102283,2.36,78.0,25.8,92.5,83.6,89.0,33.5,8.991165916,11.38006735,68,63.7,1436766,2661538,3300449,3320628,4519419,19562,20.3,58790,34475,13.5,Not applicable,Not applicable,Not applicable,Not applicable,Not applicable,21577,10717,6898,3616,16265,2222,16998,2186.4,103.01,3260600,Nevada
Riverside,331360,303933,9.0,303871,6.2,23.8,10.7,50.2,58.3,6.2,0.8,7.6,0.3,4.9,53.7,29.8,12065,22.6,Not applicable,54,365300,1905,491,1378,Not applicable,90722,3.43,86.6,45.1,93.8,87.6,80.6,23.0,7.699522422,10.26016793,63,56.5,516559,2611813,2802939,2747573,4127390,13158,31.4,69045,26028,13.9,Not applicable,Not applicable,Not applicable,Not applicable,Not applicable,24046,12152,9203,12088,10841,2045,21012,3745.0,81.14,0662000,California
Rochester,205695,210674,-2.4,210565,6.3,22.7,10.9,51.5,47.9,39.8,1.0,3.1,0.1,4.4,19.2,36.7,6892,9.1,Not applicable,36.4,83100,1055,468,848,Not applicable,86307,2.29,77.7,21.3,84.9,75.7,80.4,25.1,16.444425,5.739632672,62.3,60.9,366677,3027726,7492308,1528651,1414135,6717,20.2,35590,23246,31.3,Not applicable,Not applicable,Not applicable,Not applicable,Not applicable,15783,7885,6655,5731,9195,1025,13809,5884.8,35.78,3663000,New York
Sacramento,513624,466383,10.1,466488,6.6,23.1,13.1,51.1,46.3,13.2,0.7,18.9,1.7,7.4,28.9,32.4,21682,22.2,Not applicable,48.5,336900,1869,518,1263,Not applicable,185331,2.66,83.2,37.8,93.5,86.6,85.3,33.1,7.693979821,6.569633396,63.6,59.8,1145662,7027206,3149760,9800438,4363259,9176,26.2,62335,31956,16.6,Not applicable,Not applicable,Not applicable,Not applicable,Not applicable,38244,20054,14348,18062,18325,2986,33106,4764.2,97.92,0664000,California
San Antonio,1547253,1326161,16.7,1327407,6.9,25.0,12.0,50.6,80.3,7.0,0.8,2.8,0.1,3.0,64.2,24.7,101723,14.3,Not applicable,53.9,146400,1386,475,992,Not applicable,501400,2.96,83.3,42.8,89.9,79.1,82.4,26.0,11.06154865,18.68724634,63.7,58.6,4616284,11490155,14068085,Suppressed to avoid disclosure of confidential information,23870168,17260,24.7,52455,25894,17.8,Not applicable,Not applicable,Not applicable,Not applicable,Not applicable,117546,63283,44295,71287,41983,11725,101019,2879.8,460.93,4865000,Texas
San Bernardino,215784,210422,2.5,209924,8.1,29.6,9.0,50.5,57.8,14.3,0.7,4.1,0.3,4.9,65.2,14.4,6918,22.6,Not applicable,47.4,249400,1515,423,1059,Not applicable,59295,3.46,85.3,51.2,90.1,73.4,69.4,11.9,8.940482771,12.80949749,59.4,54.2,303656,1743419,929267,2145229,2610442,12239,28.4,45834,17854,26.0,Not applicable,Not applicable,Not applicable,Not applicable,Not applicable,15722,7550,7076,11933,3284,1111,13971,3546.0,59.20,0665000,California
San Diego,1423851,1301929,9.4,1307402,5.9,19.9,12.6,49.5,65.1,6.4,0.5,16.7,0.4,5.3,30.3,42.8,85989,26.1,Not applicable,46.8,602600,2589,612,1695,Not applicable,507580,2.70,83.1,40.5,95.3,90.6,88.1,45.9,5.756446465,8.828940992,65.2,61.1,5590832,13420617,14666981,24027059,17869321,13352,24.5,79673,41112,12.8,Not applicable,Not applicable,Not applicable,Not applicable,Not applicable,135754,72727,47942,50762,78889,10344,118787,4020.4,325.19,0666000,California
San Francisco,881549,805184,9.5,805235,4.5,13.4,15.4,49.0,46.4,5.2,0.4,34.4,0.4,5.6,15.2,40.5,23619,34.3,Not applicable,37.6,1097800,3647,704,1895,Not applicable,362354,2.36,85.6,42.9,93.1,87.6,88.5,58.1,5.690739695,4.204820567,71.1,67.0,6142745,10175813,Suppressed to avoid disclosure of confidential information,11121715,14632652,17718,33.8,112449,68883,10.3,Not applicable,Not applicable,Not applicable,Not applicable,Not applicable,116803,63864,40135,46128,64708,6378,104957,17179.1,46.87,0667000,California
San Jose,1021795,952528,7.3,945942,6.1,22.4,12.5,49.5,39.9,3.0,0.6,35.9,0.5,5.3,31.6,25.7,26296,39.7,Not applicable,56.8,864600,3153,755,2107,Not applicable,325114,3.12,87.1,57.2,95.2,91.2,84.6,43.7,5.189590945,5.755387664,68.3,61.6,1919066,4708445,15125975,49902322,14981957,15245,30.9,109593,46599,8.7,Not applicable,Not applicable,Not applicable,Not applicable,Not applicable,77832,40604,28981,45686,29089,4729,70150,5358.7,176.53,0668000,California
Santa Ana,332318,324774,2.3,324528,7.4,26.9,9.0,49.0,40.2,1.1,0.5,11.8,0.3,2.1,76.8,9.4,4975,43.3,Not applicable,46.1,491300,2136,488,1563,Not applicable,76624,4.28,90.2,80.3,93.0,83.3,59.6,15.0,4.890846559,16.88091172,67.6,59.2,462834,1559139,5177289,3284087,3169405,9578,25.5,66145,20867,15.7,Not applicable,Not applicable,Not applicable,Not applicable,Not applicable,26432,14240,9516,17999,7295,1484,23806,11900.6,27.27,0669000,California
Scottsdale,258069,217492,18.7,217385,3.8,15.5,24.3,50.7,88.1,1.8,0.8,4.9,0.1,2.3,10.2,80.4,15907,12.0,Not applicable,66.2,475300,2176,621,1365,Not applicable,115401,2.16,82.8,13.2,96.1,92.0,96.7,58.4,5.145734165,7.413238379,62.1,56.1,1370613,2664668,4532533,4011124,5848090,26164,22.3,88213,62682,7.6,Not applicable,Not applicable,Not applicable,Not applicable,Not applicable,36625,18724,11164,3440,31002,3155,30565,1182.0,183.92,0465000,Arizona
Seattle,753675,608661,23.8,608660,4.8,15.0,12.4,49.4,67.3,7.3,0.5,15.4,0.3,6.9,6.7,63.8,27983,18.8,Not applicable,45.7,663100,2650,848,1614,Not applicable,331836,2.11,76.8,21.3,95.1,90.4,94.8,64.0,6.16258665,4.64999786,73.5,69.8,3164114,10544194,5200165,12790526,40037940,63098,27.9,92263,59835,11.0,Not applicable,Not applicable,Not applicable,Not applicable,Not applicable,83323,42430,29617,16547,61836,5959,72684,7250.9,83.94,5363000,Washington
Spokane,222081,209455,6.0,208916,6.1,21.5,15.3,51.0,84.7,2.3,1.8,2.7,0.9,5.9,6.3,81.3,17478,6.0,Not applicable,55.2,187600,1290,474,866,Not applicable,91328,2.30,78.1,8.2,91.7,85.9,92.8,31.3,11.83884354,6.582570698,61.5,58.2,548997,3237313,1101392,1686761,3132776,14952,21.0,50306,29427,17.3,Not applicable,Not applicable,Not applicable,Not applicable,Not applicable,16564,8263,4872,1462,14043,1532,13483,3526.2,59.25,5367000,Washington
St. Louis,300576,319289,-5.9,319294,6.4,19.4,13.1,51.6,46.5,46.4,0.3,3.4,0.1,2.4,4.0,43.6,16074,7.2,Not applicable,43.7,138700,1285,454,828,Not applicable,141952,2.10,81.7,9.7,85.1,74.4,87.8,36.3,11.65186944,12.24060742,65.9,64.5,1255664,4162081,10736982,5916406,2471933,7769,24.4,43896,30542,21.8,Not applicable,Not applicable,Not applicable,Not applicable,Not applicable,30040,13943,13086,11994,16498,2924,25309,5157.5,61.91,2965000,Missouri
St. Paul,308096,285112,8.1,285068,7.3,25.0,10.5,50.7,57,16.1,0.8,18.7,0.0,4.9,9.2,51.4,9512,20.0,Not applicable,50.3,208000,1535,585,968,Not applicable,113154,2.61,79.4,29.9,91.6,85.3,86.6,40.8,9.127628473,7.201216526,70.3,67.2,589021,3963025,2018135,3332774,1959938,6741,24.3,57876,31242,18.9,Not applicable,Not applicable,Not applicable,Not applicable,Not applicable,27147,13817,10345,7001,18819,2055,23459,5484.3,51.98,2758000,Minnesota
St. Petersburg,265351,245177,8.2,244769,4.7,16.9,18.6,51.4,69.5,22.2,0.2,3.5,0.1,3.3,8.3,63.3,20733,10.8,Not applicable,60.4,205000,1462,521,1116,Not applicable,109144,2.34,83.5,12.4,90.9,83.7,91.4,35.7,9.446751748,13.58996433,63.3,60.8,540392,2324670,1377732,1218227,4893417,19848,23.7,56982,36266,13.4,Not applicable,Not applicable,Not applicable,Not applicable,Not applicable,25545,12274,10846,7635,16912,2239,21980,3964.4,61.74,1263000,Florida
Stockton,312697,292182,7.0,291707,7.3,27.7,12.4,51.0,44.8,11.2,0.7,21.5,0.6,11.8,42.7,20.6,10667,25.7,Not applicable,48.8,273400,1680,499,1115,Not applicable,95514,3.17,87.1,45.8,89.2,78.8,76.7,18.3,9.967940777,7.559616473,59.5,53.4,366499,1918080,2921782,5746430,3294960,11058,31.1,54614,24214,17.9,Not applicable,Not applicable,Not applicable,Not applicable,Not applicable,16992,8728,6688,10373,5966,1330,14925,4730.1,61.67,0675000,California
Tampa,399700,336150,18.9,335709,6.4,21.4,12.3,51.5,65.4,23.6,0.3,4.3,0.1,3.9,26.4,44.6,21464,17.2,Not applicable,48.6,238900,1622,462,1131,Not applicable,152296,2.47,78.6,28.0,91.9,85.1,87.9,38.6,8.399819805,13.19069861,65,60.8,1655370,5650451,2751233,9456987,7449815,21429,24.6,53833,36169,18.6,Not applicable,Not applicable,Not applicable,Not applicable,Not applicable,44811,23826,16412,19799,23007,3899,38519,2960.2,113.41,1271000,Florida
Toledo,272779,287357,-5.1,287208,6.8,23.5,14.1,51.8,62.6,27.4,0.3,1.3,0.0,5.4,8.6,58.7,13886,3.4,Not applicable,50.4,80800,1037,416,725,Not applicable,118365,2.27,80.8,6.9,87.7,78.0,86.1,18.3,13.93261671,8.301917231,61.7,58.7,485885,2718022,11102319,2592823,2837079,9989,20.2,37752,22438,25.5,Not applicable,Not applicable,Not applicable,Not applicable,Not applicable,17685,9139,6984,4539,12374,1474,15301,3559.3,80.69,3977000,Ohio
Tucson,548073,526634,4.1,520116,6,21.2,14.3,50.2,72.1,5.2,3.7,3.2,0.2,5.4,43.6,43.9,37826,15.3,Not applicable,50.6,155300,1183,412,846,Not applicable,212491,2.42,75.8,33.5,91.3,83.5,85.0,27.4,11.193361,13.3276116,60.5,57.5,1235423,5046758,1551529,2221824,7878160,15026,22.5,43425,23655,22.5,Not applicable,Not applicable,Not applicable,Not applicable,Not applicable,41619,19879,16106,15342,24162,3667,35470,2294.2,226.71,0477000,Arizona
Tulsa,401190,392004,2.3,391906,7.1,24.5,14.0,51.4,64.3,15.2,4.5,3.4,0.1,7.5,16.5,54.0,21871,11.2,Not applicable,50.7,139900,1254,468,829,Not applicable,164000,2.41,79.5,18.5,90.0,81.3,87.3,31.5,11.00909157,19.01723762,65.5,60.0,Suppressed to avoid disclosure of confidential information,5283553,11517930,11596948,7542161,19143,18.6,47650,30970,19.4,Not applicable,Not applicable,Not applicable,Not applicable,Not applicable,39908,21473,13035,9216,28486,4360,33013,1991.9,196.75,4075000,Oklahoma
Virginia Beach,449974,437903,2.8,437994,6.3,22.3,13.7,50.8,66.3,19.0,0.3,6.7,0.1,5.6,8.2,61.7,56598,9.4,Not applicable,63.7,280800,1826,617,1367,Not applicable,170798,2.58,82.3,12.5,95.0,89.9,93.5,36.0,7.750406629,8.756813786,64.4,62.7,1202733,1959395,1954166,8187586,5671477,12687,23.6,76610,37776,7.3,Not applicable,Not applicable,Not applicable,Not applicable,Not applicable,35359,18195,13466,8893,25052,5384,27836,1758.9,249.02,5182000,Virginia
Wichita,389938,382437,2.0,382368,7,25.2,14.0,50.8,74.3,10.9,1.0,5.1,0.1,4.4,17.2,62.8,23198,10.2,Not applicable,58.8,133400,1242,470,809,Not applicable,153279,2.51,81.9,17.4,88.6,81.1,88.3,30.1,10.09755335,13.94886569,66.7,62.0,918849,3313760,10181670,7544632,6284947,16300,18.6,52620,28806,15.9,Not applicable,Not applicable,Not applicable,Not applicable,Not applicable,31140,16025,10507,5635,23907,2693,26061,2400.4,159.29,2079000,Kansas
Winston-Salem,247945,229627,8.0,229617,6.5,23.8,14.1,53.1,56.6,34.9,0.3,2.5,0.1,2.8,15.0,45.7,12647,9.9,Not applicable,53.5,147900,1171,423,806,Not applicable,94957,2.46,84.2,17.3,89.5,79.0,88.2,34.5,6.777305428,14.23796791,60.5,56.6,564907,1958944,4016976,2266381,4067779,17358,20.9,45750,28821,20.7,Not applicable,Not applicable,Not applicable,Not applicable,Not applicable,18681,9246,7507,6071,11551,1868,15604,1733.6,132.45,3775000,North Carolina
